holdout,holdout_split,train,distance,normalized_mae,pixel_correlation
000000.jpg,test,005786.jpg,1,0.011370097286999226,0.9949043206674902
000001.jpg,val,005780.jpg,1,0.004122549202293158,0.9980329314556543
000005.jpg,test,000367.jpg,3,0.015098039992153645,0.9847902940231424
000024.jpg,test,000863.jpg,0,0.0024223853833973408,0.9989202586955026
000039.jpg,val,005930.jpg,0,0.020441176369786263,0.9742605245435904
000040.jpg,val,006591.jpg,2,0.017120368778705597,0.9520735814780343
000047.jpg,val,002348.jpg,1,0.010012255050241947,0.9908003481021416
000057.jpg,val,004128.jpg,4,0.0037233114708215,0.9980782274832329
000058.jpg,test,004903.jpg,1,0.016816450282931328,0.9621277164495757
000059.jpg,test,001621.jpg,1,0.06181563436985016,0.5020914262228733
000070.jpg,test,006256.jpg,0,0.007462962530553341,0.995919032219088
000076.jpg,val,000292.jpg,0,0.002044389955699444,0.9992208430594315
000083.jpg,val,001238.jpg,1,0.02749755047261715,0.9492995914957858
000086.jpg,test,000344.jpg,0,0.05914515256881714,0.8448119473740829
000090.jpg,val,000570.jpg,1,0.021622007712721825,0.9556169528692465
000093.jpg,test,001952.jpg,4,0.01622549071907997,0.9726574830089703
000099.jpg,test,005078.jpg,1,0.007560457568615675,0.9768235576160478
000110.jpg,test,002814.jpg,0,0.002807734301313758,0.9990752058451837
000120.jpg,test,000021.jpg,1,0.003912037238478661,0.996989349426946
000135.jpg,val,004425.jpg,0,0.00646323524415493,0.9963926507669817
000142.jpg,test,002982.jpg,2,0.00718273501843214,0.9829109798349385
000143.jpg,test,002181.jpg,0,0.008040577173233032,0.9923453016269074
000153.jpg,test,000269.jpg,2,0.011932733468711376,0.970564533715725
000164.jpg,test,000152.jpg,0,0.015686001628637314,0.9854691454502436
000189.jpg,test,003135.jpg,2,0.005704520735889673,0.9905600973493851
000193.jpg,test,003538.jpg,0,0.0043036495335400105,0.9968306462382065
000207.jpg,test,004288.jpg,4,0.024574344977736473,0.9058291756151291
000212.jpg,val,000971.jpg,1,0.015381536446511745,0.9836127916610939
000213.jpg,test,001657.jpg,2,0.003504629712551832,0.9979148738231273
000218.jpg,val,000403.jpg,2,0.0204403605312109,0.9629940755463152
000226.jpg,val,001676.jpg,2,0.017900055274367332,0.9623101020408595
000230.jpg,val,003635.jpg,0,0.002661764854565263,0.9987509375291431
000242.jpg,test,005423.jpg,1,0.03510620817542076,0.8668417675467136
000252.jpg,test,003399.jpg,0,0.0033314269967377186,0.9991835886509298
000255.jpg,val,005630.jpg,0,0.0038406862877309322,0.9954544535560278
000262.jpg,val,001656.jpg,4,0.025532405823469162,0.9829565556545325
000283.jpg,val,000774.jpg,1,0.0038368739187717438,0.9946896948403866
000286.jpg,test,003245.jpg,4,0.004533496219664812,0.9937935611177343
000300.jpg,test,001899.jpg,2,0.022846950218081474,0.8434808807448614
000306.jpg,test,003775.jpg,0,0.004986111540347338,0.9960282563447219
000308.jpg,val,002436.jpg,1,0.007575163152068853,0.9662769316094318
000314.jpg,val,001199.jpg,2,0.018444718793034554,0.9794591269655861
000316.jpg,val,006391.jpg,1,0.03475980833172798,0.7317141172399617
000317.jpg,val,002471.jpg,1,0.00990087166428566,0.9758085635242444
000328.jpg,test,006623.jpg,1,0.002642701379954815,0.9987519421134394
000330.jpg,test,006199.jpg,4,0.036870915442705154,0.9406010382306651
000335.jpg,test,000733.jpg,1,0.008813452906906605,0.9888252303080378
000360.jpg,test,003702.jpg,1,0.01444144919514656,0.9756841752354604
000372.jpg,val,004128.jpg,2,0.0036952611990273,0.9982749975554066
000382.jpg,test,000353.jpg,2,0.0038221676368266344,0.9983033364862338
000400.jpg,test,006053.jpg,1,0.003506263718008995,0.985309364208433
000406.jpg,val,002534.jpg,0,0.0005315904272720218,0.9590126503597132
000409.jpg,test,004889.jpg,2,0.004486655816435814,0.9754216124472859
000433.jpg,test,002982.jpg,1,0.007162854075431824,0.9818397958779951
000442.jpg,test,000799.jpg,0,0.011591503396630287,0.987749982183639
000444.jpg,test,000978.jpg,2,0.008063999004662037,0.8627150037763902
000445.jpg,test,002191.jpg,1,0.0043951524421572685,0.9945815613291156
000448.jpg,test,000937.jpg,2,0.008705882355570793,0.9937828271504283
000452.jpg,val,005979.jpg,4,0.019805554300546646,0.9482368142903049
000455.jpg,test,006174.jpg,3,0.017262255772948265,0.9177183454752578
000492.jpg,val,000657.jpg,4,0.00848965160548687,0.9901147814872833
000494.jpg,test,000021.jpg,1,0.0034398147836327553,0.9980741767042288
000500.jpg,test,003772.jpg,0,0.0019512525759637356,0.9986796715063186
000534.jpg,test,005406.jpg,1,0.004850218538194895,0.9401894173123369
000540.jpg,val,000520.jpg,3,0.015252997167408466,0.8946753866203659
000553.jpg,val,002522.jpg,2,0.004870914854109287,0.9951866822744927
000556.jpg,val,004931.jpg,3,0.00922331027686596,0.9741925392915755
000563.jpg,val,002846.jpg,3,0.003824346698820591,0.9795943535628903
000582.jpg,val,006547.jpg,2,0.019145427271723747,0.8515499243171375
000592.jpg,test,000841.jpg,0,0.008977396413683891,0.9911589673575392
000594.jpg,val,003910.jpg,0,0.0018069171346724033,0.9996864906226957
000596.jpg,val,000156.jpg,0,0.02834722027182579,0.9563736988477133
000603.jpg,test,003703.jpg,3,0.028326252475380898,0.9019749703964409
000604.jpg,val,000007.jpg,1,0.0031151960138231516,0.994680985713416
000611.jpg,val,000305.jpg,1,0.026544388383626938,0.9129982098194366
000622.jpg,test,002570.jpg,2,0.011251362040638924,0.9921591203411099
000633.jpg,val,005649.jpg,3,0.006643518339842558,0.9906210924224428
000654.jpg,val,001007.jpg,2,0.006362200248986483,0.9926163100151495
000669.jpg,val,000485.jpg,1,0.01064379047602415,0.9808767391161716
000670.jpg,val,001124.jpg,1,0.002979847602546215,0.9979937154501989
000678.jpg,test,004742.jpg,1,0.0012682463275268674,0.9971721796183223
000688.jpg,val,000429.jpg,2,0.016926199197769165,0.9304235961547677
000693.jpg,val,000237.jpg,3,0.004010076634585857,0.9950289647928303
000696.jpg,val,000665.jpg,1,0.008726034313440323,0.9309011448106286
000705.jpg,test,006976.jpg,1,0.0032418298069387674,0.9505940090966319
000716.jpg,val,001139.jpg,0,0.0015672657173126936,0.9996398368075331
000734.jpg,test,004402.jpg,2,0.00993709173053503,0.98637934720447
000736.jpg,val,001465.jpg,2,0.004781046882271767,0.8921361507438677
000741.jpg,val,003207.jpg,2,0.09233934432268143,0.6710969037138422
000743.jpg,test,000802.jpg,0,0.01799727790057659,0.865749920616099
000745.jpg,val,000211.jpg,3,0.008290850557386875,0.8961174996110455
000746.jpg,val,001465.jpg,2,0.00799373909831047,0.8320443566875791
000750.jpg,val,006987.jpg,4,0.023373639211058617,0.9556106375199396
000756.jpg,val,002062.jpg,2,0.014166668988764286,0.9028325522261745
000758.jpg,test,000206.jpg,0,0.0032911221496760845,0.9979673169292114
000763.jpg,test,001622.jpg,4,0.03659014403820038,0.8925102807194627
000768.jpg,val,004087.jpg,2,0.0012056099949404597,0.9468915229670973
000771.jpg,test,004035.jpg,0,0.0036288127303123474,0.9975617765790556
000782.jpg,test,003280.jpg,3,0.004463235381990671,0.981454686759585
000803.jpg,test,004089.jpg,2,0.029322167858481407,0.9553520264840702
000809.jpg,test,005147.jpg,2,0.018456701189279556,0.8545357955152122
000810.jpg,test,000236.jpg,0,0.0057614389806985855,0.8772726342841519
000822.jpg,test,006550.jpg,1,0.011506263166666031,0.9786785772444363
000837.jpg,test,001452.jpg,0,0.004868464544415474,0.9960348594320811
000852.jpg,val,003415.jpg,0,0.003961601760238409,0.9960888350683614
000856.jpg,test,004221.jpg,2,0.02316230721771717,0.9553754422824063
000859.jpg,test,003285.jpg,0,0.00696677528321743,0.9894515733795098
000867.jpg,test,000576.jpg,0,0.006988834589719772,0.9921884154804137
000882.jpg,val,001391.jpg,0,0.00542184105142951,0.99546131136283
000889.jpg,test,003095.jpg,4,0.012184913270175457,0.9654909952792353
000890.jpg,test,004903.jpg,1,0.011630991473793983,0.9794163379175869
000891.jpg,test,004585.jpg,3,0.004262255504727364,0.9817353041822563
000904.jpg,val,005188.jpg,0,0.011364107020199299,0.9916936594065702
000924.jpg,test,006970.jpg,0,0.0002023420383920893,0.9989390483577516
000925.jpg,test,003088.jpg,1,0.008034042082726955,0.995854284034963
000940.jpg,test,000096.jpg,0,0.007013071794062853,0.9945623992905855
000942.jpg,val,005472.jpg,0,0.001529411762021482,0.9992878202407146
000950.jpg,test,004263.jpg,4,0.016925381496548653,0.8470487940674526
000961.jpg,test,002835.jpg,1,0.011373910121619701,0.9606876634082071
000967.jpg,val,000684.jpg,2,0.006299564614892006,0.9972438525297743
000981.jpg,val,003835.jpg,0,0.005241830833256245,0.9982774493180582
000985.jpg,test,003169.jpg,3,0.016136983409523964,0.9675794030117472
000989.jpg,test,003512.jpg,3,0.00848011951893568,0.9929183037383813
000991.jpg,val,002957.jpg,1,0.014843681827187538,0.9869987862016907
001000.jpg,test,002453.jpg,1,0.008921569213271141,0.994976011534932
001026.jpg,test,004427.jpg,1,0.008080337196588516,0.9732581255975836
001041.jpg,val,003386.jpg,0,0.02592783235013485,0.9432781593171381
001042.jpg,test,006829.jpg,3,0.005459423176944256,0.9676878317957447
001048.jpg,test,005663.jpg,4,0.017581427469849586,0.905776541086686
001050.jpg,test,001030.jpg,1,0.01414569653570652,0.8090299731838873
001065.jpg,val,003910.jpg,2,0.007686002645641565,0.9969255240363027
001073.jpg,val,000847.jpg,4,0.005079520400613546,0.9932547628288442
001074.jpg,test,002156.jpg,3,0.005589052103459835,0.9914276200145028
001085.jpg,test,002859.jpg,2,0.1229703277349472,0.5150757923493324
001104.jpg,val,007114.jpg,0,0.0029746731743216515,0.9982684076275159
001110.jpg,test,003036.jpg,0,0.06758034229278564,0.5676167556731818
001115.jpg,test,005863.jpg,4,0.005092864390462637,0.9952280902133338
001118.jpg,test,003738.jpg,1,0.007848584093153477,0.9839814173616768
001120.jpg,val,002209.jpg,2,0.008329521864652634,0.6855934037029474
001125.jpg,val,000845.jpg,3,0.037849944084882736,0.6825041557557622
001133.jpg,val,000727.jpg,1,0.006521786563098431,0.9679213751051443
001135.jpg,test,000907.jpg,0,0.00714488048106432,0.9943414955459697
001143.jpg,test,001467.jpg,0,0.004106753505766392,0.996670908015698
001153.jpg,test,004864.jpg,2,0.022771786898374557,0.9481935326153298
001157.jpg,val,001123.jpg,0,0.004359749611467123,0.9959703243565852
001159.jpg,val,003336.jpg,0,0.07119935005903244,0.2709249542097534
001161.jpg,val,005915.jpg,3,0.005867647007107735,0.9862210215154474
001165.jpg,test,003793.jpg,4,0.014965959824621677,0.8982204998314317
001185.jpg,test,000322.jpg,0,0.022848311811685562,0.9706093430826386
001186.jpg,test,005466.jpg,2,0.002131808316335082,0.9986655269724672
001196.jpg,val,003666.jpg,0,1.0893247235799208e-05,0.9999935877883309
001197.jpg,val,006399.jpg,0,0.0054338239133358,0.9933362371823851
001210.jpg,test,006615.jpg,0,0.02242211252450943,0.9902448009357251
001217.jpg,val,000224.jpg,0,0.011311274953186512,0.98784875600124
001218.jpg,test,004089.jpg,4,0.048340681940317154,0.8852284642394348
001234.jpg,test,000785.jpg,4,0.016238288953900337,0.8550148983127351
001250.jpg,test,006622.jpg,2,0.043345045298337936,0.7038922559251372
001261.jpg,test,003857.jpg,3,0.004797930363565683,0.9954628939118946
001266.jpg,test,000150.jpg,1,0.0034199345391243696,0.9958207627899536
001272.jpg,test,002116.jpg,3,0.018237745389342308,0.9409973254354526
001276.jpg,test,003150.jpg,1,0.005135620944201946,0.9949161900653348
001279.jpg,test,005023.jpg,0,0.003588507417589426,0.8870387717672509
001299.jpg,test,002181.jpg,0,0.004139977972954512,0.9961730258099823
001315.jpg,test,001014.jpg,1,0.004678648896515369,0.9959756783834863
001324.jpg,test,000811.jpg,2,0.060638632625341415,0.7740609567312173
001325.jpg,test,002982.jpg,1,0.005725490394979715,0.9912290732895941
001332.jpg,test,005055.jpg,4,0.05184858664870262,0.8689250515916098
001333.jpg,val,003859.jpg,1,0.00662091514095664,0.9876030230299496
001339.jpg,val,000021.jpg,1,0.004002995789051056,0.9966830576637681
001349.jpg,test,002380.jpg,0,0.0068989647552371025,0.99137905539272
001350.jpg,val,000626.jpg,2,0.018107306212186813,0.6041069921750591
001358.jpg,test,003091.jpg,0,0.001455882447771728,0.9980704032024066
001369.jpg,val,000974.jpg,0,0.009351035580039024,0.9951311018080753
001373.jpg,val,006907.jpg,0,0.028006536886096,0.8737757766146218
001388.jpg,test,003316.jpg,2,0.03336873650550842,0.9164354963536844
001401.jpg,val,000347.jpg,0,0.004044662229716778,0.9908103616755866
001403.jpg,test,001579.jpg,1,0.010305010713636875,0.9829959806526974
001426.jpg,test,001280.jpg,0,0.005503812804818153,0.9967023778768815
001451.jpg,test,001483.jpg,0,0.020349400117993355,0.9814983323404856
001462.jpg,test,001690.jpg,1,0.0036154682748019695,0.9990670193561171
001464.jpg,test,000011.jpg,0,0.0045920480042696,0.9973943119113109
001475.jpg,test,000211.jpg,3,0.0038779957685619593,0.9549356615049044
001476.jpg,test,002521.jpg,1,0.009779139421880245,0.9871637996208156
001479.jpg,val,002534.jpg,4,0.000958878081291914,0.9274046909258274
001480.jpg,val,000884.jpg,1,0.0050841509364545345,0.8951142391466179
001496.jpg,test,000626.jpg,2,0.006147061474621296,0.8938440443655918
001497.jpg,val,000315.jpg,0,0.018378539010882378,0.9900520158308126
001499.jpg,val,007007.jpg,2,0.006375271826982498,0.9983793010482974
001511.jpg,test,001254.jpg,2,0.007684098556637764,0.8210507467623538
001512.jpg,test,000711.jpg,0,0.0034433549735695124,0.9977458654532724
001522.jpg,test,000215.jpg,2,0.015530501492321491,0.9788646181494354
001535.jpg,test,004889.jpg,4,0.005890794098377228,0.9624022577136254
001538.jpg,val,005742.jpg,4,0.023748096078634262,0.8027255133632629
001561.jpg,test,004677.jpg,1,0.012842048890888691,0.911553041504868
001570.jpg,test,004330.jpg,1,0.01642674393951893,0.9720190391505998
001572.jpg,test,000711.jpg,0,0.003808551002293825,0.9970241566436623
001577.jpg,test,004889.jpg,3,0.004988562315702438,0.971122523596908
001584.jpg,val,003928.jpg,3,0.008316176943480968,0.9837753661001261
001590.jpg,test,006434.jpg,3,0.049829792231321335,0.7818153590244161
001591.jpg,val,005278.jpg,0,0.00440114364027977,0.9985842036287643
001599.jpg,val,003338.jpg,0,0.00710076279938221,0.9769011117109189
001605.jpg,val,006774.jpg,4,0.021499453112483025,0.9254430591274221
001607.jpg,val,004255.jpg,4,0.015989108011126518,0.9543042850954176
001612.jpg,test,000897.jpg,0,0.0007775054546073079,0.9996945185076564
001618.jpg,test,006111.jpg,3,0.006722766440361738,0.9925960049934048
001625.jpg,val,002306.jpg,0,0.0030781591776758432,0.9983081128412716
001636.jpg,test,002523.jpg,0,0.007066177204251289,0.9939363764984359
001646.jpg,val,000484.jpg,0,0.004622003994882107,0.9983268003379273
001654.jpg,test,006628.jpg,0,0.00491775618866086,0.9962558867991999
001660.jpg,test,000391.jpg,2,0.01193954236805439,0.9903822468395767
001662.jpg,test,003386.jpg,0,0.02583387866616249,0.943974145885044
001668.jpg,test,000909.jpg,1,0.035110294818878174,0.923248760533093
001677.jpg,test,005858.jpg,4,0.0031764705199748278,0.9926053138986518
001683.jpg,test,002381.jpg,3,0.030315905809402466,0.953232329711508
001699.jpg,test,004523.jpg,4,0.018746187910437584,0.9072932804132348
001707.jpg,test,001312.jpg,4,0.01873992197215557,0.938335652747393
001711.jpg,val,005088.jpg,1,0.005820806138217449,0.9862716216682997
001719.jpg,val,000031.jpg,2,0.018217865377664566,0.9769751977268893
001738.jpg,val,003575.jpg,3,0.015478486195206642,0.9814988641394142
001752.jpg,val,001252.jpg,0,0.001913398620672524,0.9994302139437691
001774.jpg,val,001166.jpg,4,0.05264542996883392,0.525300956994309
001777.jpg,test,000841.jpg,0,0.016908768564462662,0.9805834728938296
001799.jpg,test,006184.jpg,1,0.020065903663635254,0.9733792055520116
001804.jpg,test,004363.jpg,0,0.002142973942682147,0.9994240978617345
001811.jpg,val,001224.jpg,2,0.009278325363993645,0.6360184078590385
001829.jpg,val,000605.jpg,4,0.004832244478166103,0.8819899837217957
001846.jpg,test,003098.jpg,1,0.004084695130586624,0.9970356134400638
001849.jpg,test,000636.jpg,3,0.002872549230232835,0.9854187183868555
001855.jpg,test,000347.jpg,1,0.005011982750147581,0.9831651398361806
001857.jpg,val,003001.jpg,2,0.01486846525222063,0.9424397546910744
001863.jpg,test,005751.jpg,0,0.004498093388974667,0.995118290127909
001868.jpg,val,000944.jpg,3,0.01798393204808235,0.9924803924779492
001872.jpg,test,001343.jpg,0,0.014206971041858196,0.9929046132818404
001886.jpg,val,002524.jpg,0,0.006204793229699135,0.9961501139374307
001890.jpg,test,000094.jpg,4,0.04083169996738434,0.9107441582963053
001897.jpg,val,000895.jpg,0,0.0023861657828092575,0.9991655089383399
001911.jpg,val,000649.jpg,2,0.01598774455487728,0.9791231039673912
001913.jpg,test,001600.jpg,0,0.005958061199635267,0.9988047839159783
001916.jpg,val,006183.jpg,2,0.008342320099473,0.996817284479186
001917.jpg,val,001491.jpg,1,0.0036565903574228287,0.9984082461371537
001925.jpg,test,003832.jpg,4,0.004065359476953745,0.9954315507403584
001933.jpg,test,000345.jpg,2,0.0037968410179018974,0.9986261891528176
001957.jpg,val,004284.jpg,0,0.0013671023771166801,0.9987839601981973
001966.jpg,test,000340.jpg,0,0.0022559913340955973,0.9974637728764946
001974.jpg,val,000165.jpg,0,0.00482543557882309,0.9966596305260933
001996.jpg,val,000975.jpg,0,0.008632897399365902,0.9842605634671494
002002.jpg,val,000350.jpg,1,0.00569144869223237,0.9918070301134827
002015.jpg,val,001843.jpg,1,0.007093953900039196,0.9873394489299279
002018.jpg,test,002385.jpg,2,0.03480010852217674,0.7223442451413656
002036.jpg,val,001309.jpg,2,0.0022785947658121586,0.9996448979214543
002048.jpg,test,000831.jpg,0,0.007936002686619759,0.9893743124253125
002058.jpg,test,002692.jpg,2,0.009234204888343811,0.9961577337773627
002063.jpg,test,001524.jpg,1,0.008332788944244385,0.9840361586603005
002067.jpg,test,003657.jpg,2,0.04379221424460411,0.9593136573316824
002078.jpg,test,003493.jpg,3,0.00300081679597497,0.9721924056538084
002082.jpg,test,002564.jpg,1,0.005663671065121889,0.9955231509919118
002088.jpg,val,000704.jpg,1,0.014922112226486206,0.9770753560559388
002102.jpg,test,001163.jpg,1,0.010424291715025902,0.9925871400728291
002111.jpg,test,000549.jpg,2,0.0016130174044519663,0.9996385940755839
002118.jpg,val,000116.jpg,2,0.004648965317755938,0.9947234071417883
002134.jpg,test,006674.jpg,2,0.014768518507480621,0.9619778244250917
002144.jpg,test,006525.jpg,0,0.00362990191206336,0.9978396025165495
002145.jpg,val,001014.jpg,1,0.00481644831597805,0.9957649125680014
002154.jpg,val,003614.jpg,4,0.0025035403668880463,0.987311834966962
002157.jpg,test,001753.jpg,0,0.0041446080431342125,0.9966493398112731
002167.jpg,val,005416.jpg,3,0.032317809760570526,0.9641960319845028
002171.jpg,test,000021.jpg,1,0.001365196192637086,0.9995856055744469
002176.jpg,test,000600.jpg,0,0.004229302983731031,0.9987329248585121
002190.jpg,test,000920.jpg,4,0.016744552180171013,0.9653399906436462
002197.jpg,test,004293.jpg,0,0.008882353082299232,0.9916369105953436
002207.jpg,test,005829.jpg,1,0.0029822986107319593,0.9979575103642577
002218.jpg,val,001919.jpg,4,0.010625272989273071,0.9734853690255327
002220.jpg,test,002822.jpg,2,0.061228759586811066,0.8452461990683822
002234.jpg,val,001816.jpg,0,0.0032448256388306618,0.9966928234113809
002235.jpg,test,000160.jpg,0,0.04283905029296875,0.8750617891905733
002236.jpg,val,004784.jpg,1,0.005862472113221884,0.9946156134854327
002245.jpg,test,003134.jpg,1,0.013942265883088112,0.9766387419085852
002247.jpg,val,005329.jpg,4,0.026603758335113525,0.9087332885400264
002251.jpg,val,000071.jpg,2,0.008969498798251152,0.9919499024303831
002259.jpg,val,002113.jpg,1,0.004952887073159218,0.9960925548418884
002261.jpg,val,000351.jpg,1,0.00658469507470727,0.995219274056251
002271.jpg,val,002534.jpg,3,0.001444444409571588,0.9579296547078239
002275.jpg,val,001762.jpg,1,0.025174835696816444,0.9737646221360945
002277.jpg,val,002440.jpg,2,0.0013749999925494194,0.914101269459921
002278.jpg,test,001840.jpg,1,0.0024319172371178865,0.9845902644751677
002281.jpg,val,002124.jpg,0,0.0010027233511209488,0.9992300452052127
002282.jpg,val,000139.jpg,2,0.008030773140490055,0.9895072731180555
002288.jpg,val,002202.jpg,1,0.004643246531486511,0.9966042844019359
002298.jpg,test,001029.jpg,0,0.0035092593170702457,0.9979027711692481
002299.jpg,val,000305.jpg,0,0.001732843229547143,0.9968814639511281
002303.jpg,test,004435.jpg,2,0.019364377483725548,0.9571228812063193
002307.jpg,val,006232.jpg,3,0.030197711661458015,0.9932155969663667
002308.jpg,test,000686.jpg,0,0.0021895423997193575,0.9993952042742282
002309.jpg,test,002252.jpg,4,0.012062364257872105,0.9893055807239415
002310.jpg,test,001381.jpg,4,0.02220643125474453,0.8306180411547484
002319.jpg,test,000614.jpg,3,0.004749182611703873,0.8950265596590412
002324.jpg,test,005990.jpg,0,0.0025367646012455225,0.9992082029786078
002328.jpg,val,001483.jpg,0,0.018498364835977554,0.9836102934904042
002344.jpg,test,002090.jpg,0,0.007956699468195438,0.9907789378924018
002352.jpg,test,000342.jpg,3,0.028794391080737114,0.7876959289058042
002353.jpg,val,002806.jpg,0,0.004473311826586723,0.997319002078266
002358.jpg,val,006535.jpg,4,0.0253662820905447,0.9311493081416073
002359.jpg,val,001912.jpg,0,0.005678377114236355,0.9974311813401849
002363.jpg,test,002192.jpg,3,0.006664760410785675,0.9898158746958554
002365.jpg,test,006357.jpg,4,0.02587636187672615,0.8855341729144839
002373.jpg,val,003036.jpg,1,0.06931645423173904,0.6478838524500721
002376.jpg,test,001644.jpg,0,0.008806917816400528,0.994460722403915
002392.jpg,test,006881.jpg,0,0.0045234207063913345,0.9979642726457661
002393.jpg,val,000340.jpg,0,0.0022007080260664225,0.9970069050905329
002413.jpg,val,000747.jpg,3,0.006550108548253775,0.961518505103149
002414.jpg,test,002306.jpg,0,0.008209695108234882,0.9938680767083049
002418.jpg,val,001754.jpg,1,0.009343682788312435,0.9924819528246939
002428.jpg,val,006866.jpg,0,0.00011737472232198343,0.9996871636455881
002430.jpg,test,000458.jpg,1,0.029627995565533638,0.9463962441764742
002434.jpg,val,000394.jpg,2,0.02600925788283348,0.9436455613468213
002458.jpg,val,000964.jpg,0,0.008515250869095325,0.9905972275487719
002475.jpg,val,002212.jpg,0,0.006159585900604725,0.9975378749396195
002483.jpg,val,002419.jpg,2,0.007041121367365122,0.9211878604632059
002487.jpg,val,000485.jpg,1,0.012269880622625351,0.974056768169289
002499.jpg,test,000588.jpg,3,0.005366557743400335,0.9907881895987791
002506.jpg,val,006399.jpg,0,0.003885621204972267,0.9975412090323396
002507.jpg,val,005272.jpg,0,0.00010974945325870067,0.9998292424919856
002509.jpg,val,003819.jpg,1,0.019133443012833595,0.9679486933852728
002511.jpg,test,001810.jpg,1,0.015723856166005135,0.965420551347603
002537.jpg,test,004624.jpg,1,0.0037396515253931284,0.9980593371256499
002544.jpg,test,000373.jpg,0,0.011460239998996258,0.9926671704995205
002547.jpg,val,004035.jpg,2,0.0034711328335106373,0.9975175438012798
002558.jpg,val,006847.jpg,2,0.022249996662139893,0.8962754354763062
002575.jpg,val,003932.jpg,4,0.03835947811603546,0.8122915354412564
002576.jpg,test,004155.jpg,3,0.017919115722179413,0.978444313514978
002583.jpg,val,003830.jpg,1,0.015249454416334629,0.9917688014925533
002585.jpg,test,003262.jpg,4,0.015104302205145359,0.9824916107119729
002599.jpg,val,000651.jpg,0,0.008605665527284145,0.9720445173364062
002602.jpg,test,000917.jpg,3,0.01472848653793335,0.960827493387206
002609.jpg,test,005720.jpg,1,0.0013777235290035605,0.997775020381491
002620.jpg,test,003763.jpg,0,0.0054479846730828285,0.9982361512405888
002624.jpg,val,006443.jpg,0,0.0014545207377523184,0.9991295626449023
002630.jpg,test,002227.jpg,4,0.011189543642103672,0.8722825326125928
002638.jpg,val,003742.jpg,3,0.01819853112101555,0.8551920370457545
002655.jpg,test,002656.jpg,2,0.0037058827001601458,0.9961485608780292
002660.jpg,test,001498.jpg,0,0.0030838781967759132,0.9966843626083748
002673.jpg,test,000373.jpg,2,0.030620915815234184,0.9568204185067593
002677.jpg,val,002210.jpg,0,4.629629256669432e-05,0.99993848878312
002679.jpg,val,000944.jpg,2,0.01842510886490345,0.9873623399839068
002680.jpg,val,003031.jpg,1,0.028483115136623383,0.9486268256861586
002710.jpg,val,001291.jpg,3,0.004377723205834627,0.9957958361915342
002714.jpg,val,002415.jpg,3,0.039294663816690445,0.9956910822301898
002716.jpg,val,003835.jpg,0,0.006073529366403818,0.9977856848948617
002730.jpg,val,005709.jpg,4,0.007297930307686329,0.9624724481779395
002731.jpg,val,003854.jpg,0,6.0729842516593635e-05,0.9999254036120306
002737.jpg,val,000850.jpg,1,0.0033491288777440786,0.9938151711509821
002741.jpg,test,001024.jpg,2,0.03871786221861839,0.9130490703516608
002749.jpg,val,001393.jpg,1,0.016175108030438423,0.9911903190749464
002759.jpg,test,002777.jpg,2,0.061746466904878616,0.4796158924702432
002761.jpg,test,000292.jpg,2,0.0054566990584135056,0.9946745836914703
002763.jpg,val,006589.jpg,1,0.023797113448381424,0.9323728808793803
002764.jpg,test,004872.jpg,0,0.00407706992700696,0.997139251666508
002776.jpg,test,002577.jpg,0,0.00011519607505761087,0.9997307670010933
002782.jpg,test,000932.jpg,1,0.012885349802672863,0.9809449619373288
002784.jpg,val,005794.jpg,2,0.006298202555626631,0.9949629606667333
002787.jpg,test,004484.jpg,1,0.013690903782844543,0.9871436795785183
002797.jpg,test,004675.jpg,2,0.010265795513987541,0.9645412102556711
002801.jpg,test,007110.jpg,0,0.020988835021853447,0.978006447553525
002813.jpg,val,003590.jpg,0,0.001507080509327352,0.9989540778826065
002818.jpg,val,001051.jpg,1,0.027688998728990555,0.9293335881552218
002823.jpg,val,005600.jpg,3,0.003566176863387227,0.9641685485090844
002826.jpg,test,000863.jpg,0,0.0030503813177347183,0.9984456261086861
002833.jpg,test,001876.jpg,0,0.00301906350068748,0.9988261838759923
002834.jpg,val,002814.jpg,0,0.007194988429546356,0.9959273952783266
002851.jpg,test,002601.jpg,0,0.011874999850988388,0.9955175799192036
002861.jpg,test,000936.jpg,0,0.015089870430529118,0.9653807198621475
002867.jpg,val,001558.jpg,1,0.0167973842471838,0.9281440112107798
002871.jpg,val,003828.jpg,0,0.002714869100600481,0.9888949462365506
002877.jpg,val,000726.jpg,4,0.1529812216758728,0.43856515826629755
002886.jpg,val,004518.jpg,0,6.672112795058638e-05,0.9998509404641032
002892.jpg,val,003213.jpg,0,0.017614377662539482,0.9265972092740894
002899.jpg,val,006355.jpg,1,0.012509532272815704,0.916899008804353
002904.jpg,test,001075.jpg,0,0.0025013615377247334,0.9978820367355065
002909.jpg,val,003752.jpg,3,0.04774482548236847,0.8934149604279643
002910.jpg,val,000975.jpg,0,0.0029959147796034813,0.9985518116050105
002922.jpg,val,004121.jpg,1,0.005601306911557913,0.9926264866207454
002927.jpg,val,004156.jpg,3,0.027691993862390518,0.8824498813006525
002936.jpg,val,001089.jpg,0,0.006775055080652237,0.9941515511267561
002952.jpg,val,005119.jpg,4,0.02932979166507721,0.8478316089005254
002953.jpg,val,006629.jpg,0,0.00012499999138526618,0.9996309345718424
002954.jpg,test,001682.jpg,0,0.006772876251488924,0.9983296851442832
002958.jpg,test,006369.jpg,3,0.0016816449351608753,0.9821855753402926
002970.jpg,test,002789.jpg,0,0.005752723664045334,0.9975587936923934
002975.jpg,test,000402.jpg,3,0.020625818520784378,0.9746692782901014
002979.jpg,test,001930.jpg,4,0.002980936551466584,0.9982112240367035
002985.jpg,test,006877.jpg,2,0.02331644855439663,0.8547229290072199
002988.jpg,test,002212.jpg,2,0.00885974895209074,0.9949180112887559
002990.jpg,test,000011.jpg,0,0.004034585785120726,0.9980743338581415
002994.jpg,test,005663.jpg,4,0.02996295876801014,0.7937533219689507
002998.jpg,test,005301.jpg,4,0.0029482569079846144,0.9870647418971986
002999.jpg,test,001539.jpg,0,0.004800925962626934,0.9984292167763591
003005.jpg,test,000296.jpg,3,0.015268789604306221,0.9696723975522201
003007.jpg,test,002062.jpg,1,0.01672576367855072,0.8781425019409431
003021.jpg,test,000920.jpg,4,0.01632625237107277,0.9691939785905281
003032.jpg,test,005524.jpg,0,0.006101851351559162,0.9945536896707868
003034.jpg,val,002348.jpg,1,0.016228213906288147,0.9793275904396848
003043.jpg,val,000389.jpg,0,0.0017638889839872718,0.9939792766114706
003054.jpg,val,001851.jpg,1,0.0027859476394951344,0.9452878448441228
003055.jpg,val,002306.jpg,0,0.004954521078616381,0.9968188475012804
003059.jpg,test,007049.jpg,2,0.06228023022413254,0.7813084714669184
003065.jpg,test,003830.jpg,0,0.009907951578497887,0.9965893903630364
003073.jpg,test,000224.jpg,0,0.0024929195642471313,0.9991465994174517
003078.jpg,test,003928.jpg,4,0.010081155225634575,0.9784288876036429
003082.jpg,test,001648.jpg,3,0.023677831515669823,0.9764419493660913
003090.jpg,test,005892.jpg,0,0.004084422718733549,0.9863480268364508
003107.jpg,val,003910.jpg,1,0.010687635280191898,0.9951742369668461
003128.jpg,test,002181.jpg,0,0.009209695272147655,0.9905344700494412
003131.jpg,val,005408.jpg,1,0.010786493308842182,0.9525298483918052
003142.jpg,val,005000.jpg,0,0.01403240766376257,0.9836939207666214
003164.jpg,test,000802.jpg,0,0.0063213505782186985,0.9809424040241573
003165.jpg,val,006342.jpg,1,0.016575980931520462,0.974974882382599
003176.jpg,test,000964.jpg,0,0.001067810459062457,0.9997185573667909
003180.jpg,test,004010.jpg,0,0.0020313181448727846,0.9995933374436156
003182.jpg,val,005466.jpg,0,0.0011625817278400064,0.9992452820561025
003186.jpg,test,000475.jpg,1,0.00482843117788434,0.9970618675099281
003193.jpg,test,004629.jpg,1,0.007823802530765533,0.9547075960016872
003197.jpg,val,003366.jpg,3,0.02652478590607643,0.7191470205776721
003203.jpg,test,000305.jpg,1,0.002843137364834547,0.9972257225089024
003206.jpg,val,000873.jpg,0,0.0006710239103995264,0.9998714052206773
003208.jpg,test,005548.jpg,0,0.041785404086112976,0.8298566008116793
003212.jpg,test,006540.jpg,1,5.5555552535224706e-05,0.9998424353469149
003215.jpg,val,001960.jpg,2,0.07304685562849045,0.4787670609408969
003224.jpg,val,006124.jpg,3,0.004066721070557833,0.9926057823335721
003232.jpg,val,000150.jpg,0,0.003755446756258607,0.987830845937025
003241.jpg,test,002284.jpg,0,0.002410675399005413,0.9988052349168283
003255.jpg,val,000485.jpg,2,0.007946622557938099,0.9886970863208319
003261.jpg,val,001413.jpg,4,0.08323311805725098,0.5347264841264209
003271.jpg,val,002387.jpg,0,0.0086209150031209,0.9973779079932136
003297.jpg,test,002103.jpg,3,0.04691830277442932,0.9494819665246153
003319.jpg,val,000931.jpg,1,0.0030019066762179136,0.9960147998271917
003332.jpg,val,005220.jpg,0,0.007691721431910992,0.9920560596589658
003335.jpg,test,000236.jpg,2,0.06659723818302155,0.7139559005240056
003343.jpg,test,002388.jpg,2,0.0039648693054914474,0.99533106594951
003362.jpg,val,004261.jpg,3,0.0008880718378350139,0.9960584902670558
003391.jpg,val,004815.jpg,3,0.0015198802575469017,0.9993517853681584
003395.jpg,val,001906.jpg,1,0.001714324695058167,0.9990682218089004
003406.jpg,test,000523.jpg,4,0.05016012862324715,0.89728553290977
003412.jpg,val,006204.jpg,0,4.901960346614942e-05,0.9999356302048491
003414.jpg,test,000003.jpg,3,0.01938643865287304,0.9709908745757397
003416.jpg,val,001273.jpg,1,0.015513072721660137,0.9656106494217096
003426.jpg,test,003796.jpg,4,0.026070259511470795,0.958156064159368
003427.jpg,val,004943.jpg,4,0.06071268767118454,0.7316007145603234
003432.jpg,test,001657.jpg,2,0.003295751754194498,0.9980519895401425
003456.jpg,val,004904.jpg,1,0.0047331154346466064,0.9975126445718658
003464.jpg,val,003242.jpg,1,0.012044389732182026,0.9666687559063242
003467.jpg,test,000525.jpg,0,0.00992483552545309,0.9393448900013573
003477.jpg,test,003640.jpg,1,0.0054163942113518715,0.9973529191316147
003478.jpg,test,002564.jpg,2,0.006178921554237604,0.9943907931376402
003481.jpg,val,004472.jpg,0,0.003314542816951871,0.9979825406334889
003497.jpg,test,005680.jpg,0,0.004527233075350523,0.9978890740726024
003505.jpg,test,002204.jpg,1,0.004546023905277252,0.8751437312782804
003511.jpg,val,006246.jpg,3,0.011263072490692139,0.9739413571966945
003514.jpg,val,003798.jpg,2,0.006759258918464184,0.9953616563848648
003517.jpg,test,003853.jpg,3,0.0174212958663702,0.9749961979557843
003522.jpg,test,006199.jpg,3,0.017729301005601883,0.9871326926241472
003524.jpg,test,003713.jpg,1,0.009830337017774582,0.9859756258350526
003526.jpg,val,003819.jpg,1,0.009951524436473846,0.9911414749247444
003533.jpg,val,000292.jpg,0,0.0017069715540856123,0.9993313892235224
003535.jpg,val,003019.jpg,0,0.004320533946156502,0.9925298408789233
003552.jpg,test,001094.jpg,3,0.0037878539878875017,0.9956314137782458
003555.jpg,val,002513.jpg,3,0.011180011555552483,0.9311725127497655
003582.jpg,val,005043.jpg,2,0.009175109677016735,0.9954136644513817
003606.jpg,test,006197.jpg,4,0.008440360426902771,0.9932069574325907
003609.jpg,val,001393.jpg,3,0.021246731281280518,0.9855538721315495
003613.jpg,test,002191.jpg,0,0.003834422444924712,0.9943360320093012
003634.jpg,val,002158.jpg,0,0.010006268508732319,0.8599813635411084
003661.jpg,val,002028.jpg,4,0.017172930762171745,0.9703771904555893
003664.jpg,val,001756.jpg,0,0.010598584078252316,0.9839771127592174
003665.jpg,val,001843.jpg,2,0.010793845169246197,0.9722249700229879
003668.jpg,test,000045.jpg,0,0.0030024510342627764,0.9973571200327174
003691.jpg,val,000560.jpg,0,0.0011301743797957897,0.9996142201714112
003692.jpg,test,004931.jpg,3,0.08559368550777435,0.9350745935941139
003697.jpg,val,004991.jpg,2,0.0228507649153471,0.7931177332803024
003715.jpg,val,000588.jpg,2,0.004979303106665611,0.9921365727520965
003741.jpg,test,000699.jpg,3,0.003853758331388235,0.9952036778548286
003750.jpg,val,003831.jpg,0,0.023279139772057533,0.9315982269950734
003756.jpg,val,005412.jpg,1,0.013601579703390598,0.974753762808938
003757.jpg,val,006487.jpg,2,0.02840059995651245,0.91541792565747
003765.jpg,val,003485.jpg,1,0.01422385685145855,0.9883924619138148
003770.jpg,test,003113.jpg,0,0.008011437952518463,0.9977850190435884
003777.jpg,val,002848.jpg,2,0.0051977126859128475,0.9943856245370057
003800.jpg,test,000899.jpg,1,0.01342783309519291,0.9509112555885266
003801.jpg,val,004930.jpg,4,0.014661765657365322,0.8991148087729764
003811.jpg,val,002915.jpg,2,0.023058824241161346,0.99308363753387
003814.jpg,val,000850.jpg,2,0.006744008511304855,0.9877926763681693
003824.jpg,val,004545.jpg,1,0.01750844158232212,0.9509334238919396
003826.jpg,test,007093.jpg,2,0.024021241813898087,0.9521117368862955
003842.jpg,test,003898.jpg,3,0.012106209062039852,0.9725735034500582
003880.jpg,val,000378.jpg,2,0.008082789368927479,0.9930637993321538
003886.jpg,test,000137.jpg,3,0.003380991518497467,0.9896735888742694
003896.jpg,val,002859.jpg,1,0.043015528470277786,0.6628021519093912
003903.jpg,val,000383.jpg,3,0.0053886170499026775,0.9931028227069862
003919.jpg,val,001824.jpg,4,0.01895996555685997,0.9574475469279787
003937.jpg,test,005151.jpg,4,0.040574073791503906,0.9210808897158468
003947.jpg,val,001393.jpg,2,0.01751171052455902,0.9895788880586968
003950.jpg,test,002416.jpg,2,0.010098040103912354,0.991090651727875
003954.jpg,test,001491.jpg,0,0.0022361110895872116,0.9990984888803253
003959.jpg,test,001468.jpg,3,0.015026960521936417,0.9225715179516366
003972.jpg,val,001014.jpg,0,0.0036887256428599358,0.9962030526519969
003974.jpg,val,005698.jpg,0,0.011754084378480911,0.9907435231447931
003977.jpg,val,006623.jpg,0,0.0018330609891563654,0.9994070235181955
003981.jpg,val,003219.jpg,2,0.007485293783247471,0.9953665351401956
003983.jpg,test,006991.jpg,4,0.024937909096479416,0.791308059642715
003998.jpg,test,004312.jpg,1,0.006464324425905943,0.9870080988587859
004023.jpg,test,006624.jpg,3,0.00882570818066597,0.9924538305327595
004025.jpg,val,002768.jpg,4,0.020742373540997505,0.9470258959858466
004028.jpg,val,004425.jpg,0,0.010385893285274506,0.9880873640983906
004031.jpg,test,004415.jpg,2,0.006624727044254541,0.9384267684125532
004042.jpg,test,002735.jpg,3,0.020966503769159317,0.9651736653352753
004048.jpg,test,006207.jpg,0,0.0082908496260643,0.9952900207179145
004055.jpg,test,001975.jpg,1,0.002501089358702302,0.997031750956108
004056.jpg,test,002284.jpg,0,0.002836601110175252,0.9984122353293168
004072.jpg,test,004341.jpg,0,0.020923202857375145,0.9779854165246237
004074.jpg,val,002900.jpg,0,0.0029929191805422306,0.9990404748831735
004076.jpg,val,000137.jpg,0,0.001021241769194603,0.9991377563722462
004083.jpg,test,000558.jpg,1,0.009661220945417881,0.9771152594982773
004084.jpg,val,006344.jpg,2,0.007613562047481537,0.985121891305703
004093.jpg,val,003580.jpg,0,0.00924836564809084,0.9880803139663527
004120.jpg,val,003396.jpg,4,0.016352668404579163,0.9642514835089219
004131.jpg,val,006585.jpg,4,0.05511029437184334,0.7639800521170401
004142.jpg,val,001075.jpg,1,0.00474863825365901,0.9954784039593021
004148.jpg,test,005600.jpg,2,0.09549782425165176,0.32449300156745803
004159.jpg,val,002888.jpg,1,0.0046571348793804646,0.9397900704896888
004167.jpg,test,001704.jpg,2,0.0017023420659825206,0.9963322409921379
004182.jpg,val,001856.jpg,0,0.005549292080104351,0.9883620484753467
004192.jpg,test,006100.jpg,0,0.00762881338596344,0.9918658117571325
004195.jpg,test,000187.jpg,4,0.007402778137475252,0.9681373151051317
004200.jpg,test,004471.jpg,3,0.055601585656404495,0.8361258104381528
004201.jpg,test,002900.jpg,4,0.0036979843862354755,0.9987675185585548
004206.jpg,test,001270.jpg,3,0.036199890077114105,0.9877064791744402
004224.jpg,val,003768.jpg,4,0.07071568816900253,0.5568752106915289
004228.jpg,test,000305.jpg,0,0.0015541940229013562,0.9970625741347976
004241.jpg,test,004705.jpg,0,0.004024237394332886,0.9931006337425625
004242.jpg,test,002183.jpg,2,0.03622249513864517,0.9261505195205425
004246.jpg,test,000432.jpg,0,0.005438453052192926,0.998756672882897
004251.jpg,val,003951.jpg,0,0.006388616748154163,0.9956083567365314
004282.jpg,test,001558.jpg,0,0.007211328484117985,0.9873641875293716
004286.jpg,test,003415.jpg,0,0.011855392716825008,0.9792715864580647
004295.jpg,test,002976.jpg,0,0.005524236708879471,0.9944104127163165
004297.jpg,val,002233.jpg,1,0.0018436819082126021,0.9994879899908732
004299.jpg,val,000646.jpg,2,0.01639324612915516,0.9865129025671041
004321.jpg,val,002550.jpg,1,0.007069172337651253,0.9972785042116201
004333.jpg,val,000964.jpg,0,0.007397603243589401,0.9882558999857652
004342.jpg,test,006266.jpg,2,0.007285947911441326,0.9698900320479049
004352.jpg,val,005452.jpg,2,0.01489379070699215,0.9908282105346308
004355.jpg,val,006440.jpg,0,0.010164760984480381,0.9942305351299574
004360.jpg,val,004002.jpg,3,0.009673475287854671,0.9860333620131301
004369.jpg,val,000964.jpg,0,0.0025100763887166977,0.9986662689734386
004375.jpg,test,004346.jpg,0,0.0001348039077129215,0.9995477488202532
004385.jpg,test,001014.jpg,0,0.0030019066762179136,0.9972578946712913
004392.jpg,test,003299.jpg,4,0.005863289348781109,0.9827635197600173
004393.jpg,val,002037.jpg,0,0.00027859475812874734,0.9996465281583536
004399.jpg,val,000180.jpg,0,0.0032205884344875813,0.9983342262080825
004401.jpg,val,001633.jpg,1,0.002556645078584552,0.9973241026501924
004406.jpg,val,003689.jpg,3,0.027441177517175674,0.8793704128479976
004418.jpg,test,002769.jpg,0,0.004023964982479811,0.9960160527047857
004423.jpg,val,002949.jpg,0,0.0015264160465449095,0.9994824705278939
004424.jpg,val,006862.jpg,2,0.003915849607437849,0.9968608266295582
004429.jpg,test,002113.jpg,1,0.013849944807589054,0.9831193944392318
004438.jpg,test,001661.jpg,2,0.0141132902354002,0.9112908993432756
004452.jpg,val,002633.jpg,3,0.005124455783516169,0.9935491622113028
004466.jpg,test,005780.jpg,0,0.002021241933107376,0.9988414070181606
004483.jpg,val,002959.jpg,0,0.011568083427846432,0.9955119504899267
004488.jpg,val,001309.jpg,2,0.0022263070568442345,0.9996426324020895
004490.jpg,test,000607.jpg,1,0.004483387805521488,0.9967760492052243
004496.jpg,val,000351.jpg,0,0.0025196075439453125,0.9991026534939818
004497.jpg,val,005584.jpg,2,0.011639161966741085,0.8832526652832929
004498.jpg,test,006863.jpg,0,0.00793872494250536,0.9976029511404212
004499.jpg,val,003211.jpg,2,0.002201797440648079,0.9817229514362887
004503.jpg,test,000974.jpg,0,0.005931100342422724,0.9979829126867829
004515.jpg,val,000484.jpg,1,0.00536519568413496,0.9980261450004954
004530.jpg,test,000320.jpg,2,0.015604031272232533,0.9821751180032692
004536.jpg,val,003050.jpg,2,0.010331427678465843,0.8823017891935381
004549.jpg,val,001853.jpg,4,0.018504630774259567,0.9765111731051526
004555.jpg,val,004301.jpg,3,0.005806099623441696,0.991411211145726
004570.jpg,test,001094.jpg,4,0.00572276720777154,0.99100869778777
004574.jpg,val,004277.jpg,2,0.014579793438315392,0.9762826386486112
004575.jpg,val,003527.jpg,0,0.0009117646841332316,0.99943603704379
004597.jpg,test,003575.jpg,0,0.012418572790920734,0.9860348846300757
004606.jpg,test,003809.jpg,0,0.016391068696975708,0.9707251555176954
004613.jpg,test,001084.jpg,3,0.014260620810091496,0.9192112752908883
004616.jpg,val,000347.jpg,0,0.004462145734578371,0.9905286988443655
004647.jpg,test,000386.jpg,4,0.010451525449752808,0.9565888713736597
004673.jpg,val,002619.jpg,3,0.019907677546143532,0.9018936917934961
004674.jpg,test,003565.jpg,0,0.008303921669721603,0.9929290189396622
004678.jpg,test,000699.jpg,2,0.0037791396025568247,0.9959011865797899
004684.jpg,val,000490.jpg,0,0.002401416189968586,0.9987046064978214
004689.jpg,test,004705.jpg,0,0.003769063390791416,0.9922348070227713
004697.jpg,val,001001.jpg,4,0.012975217774510384,0.9896543793451302
004731.jpg,test,004910.jpg,2,0.015991557389497757,0.9825090224099127
004735.jpg,test,001155.jpg,0,7.244008156703785e-05,0.9998428119969174
004750.jpg,test,005648.jpg,0,0.0020179739221930504,0.9975630198224696
004765.jpg,test,001592.jpg,0,0.004261982627213001,0.998647932596252
004768.jpg,val,003041.jpg,2,0.002142429118975997,0.9055369804798676
004770.jpg,test,003575.jpg,0,0.00339351873844862,0.9988497940806825
004792.jpg,val,006192.jpg,3,0.015798747539520264,0.9551826035884805
004799.jpg,val,004343.jpg,2,0.0027663400396704674,0.9952996261857623
004807.jpg,test,000788.jpg,1,0.015875818207859993,0.9576122958188382
004809.jpg,test,000802.jpg,0,0.011874184012413025,0.9338379557411188
004819.jpg,val,003479.jpg,3,0.016961602494120598,0.861305934076817
004823.jpg,test,003643.jpg,0,0.06086328998208046,0.8237971541884437
004825.jpg,val,005113.jpg,0,0.002356208860874176,0.9988998844824964
004845.jpg,val,005464.jpg,1,0.014629902318120003,0.9823022395796596
004854.jpg,val,001955.jpg,0,0.0021821896079927683,0.9990431294739798
004867.jpg,test,002008.jpg,1,0.01967238448560238,0.9772679344984574
004873.jpg,val,001540.jpg,2,0.019576525315642357,0.982499236681782
004882.jpg,val,001566.jpg,4,0.023620642721652985,0.9601463412295556
004888.jpg,val,001079.jpg,0,0.013052832335233688,0.9760532795720037
004892.jpg,val,000706.jpg,4,0.006339596584439278,0.9941243330539576
004897.jpg,test,002656.jpg,1,0.004095860756933689,0.9953263479612148
004901.jpg,test,003066.jpg,1,0.05883171036839485,0.775756879780693
004909.jpg,val,001014.jpg,0,0.003312091575935483,0.9971178394413195
004918.jpg,val,004117.jpg,0,0.004964597523212433,0.995492128175383
004925.jpg,val,006100.jpg,3,0.008071350865066051,0.9918071241949402
004937.jpg,test,003724.jpg,1,0.004405501298606396,0.9974360673002823
004938.jpg,val,001437.jpg,1,0.0044147600419819355,0.9954495633353908
004949.jpg,test,000155.jpg,1,0.006319444626569748,0.9977138970933251
004957.jpg,val,003976.jpg,0,0.0033259803894907236,0.9978982911449571
004980.jpg,val,000350.jpg,0,0.005155773367732763,0.9930156257579208
004983.jpg,val,001503.jpg,4,0.006586873903870583,0.9790690420554895
004990.jpg,test,003204.jpg,4,0.02461138181388378,0.9270170766342961
004995.jpg,val,000378.jpg,0,0.005287854466587305,0.9964202148570095
005006.jpg,test,004622.jpg,0,0.009502178058028221,0.9917689158195572
005025.jpg,val,000664.jpg,1,0.00905010849237442,0.9669018675048033
005031.jpg,val,000211.jpg,2,0.004968954250216484,0.9318125054017627
005035.jpg,val,000342.jpg,2,0.030485840514302254,0.7704488212629852
005040.jpg,val,000264.jpg,0,0.014535131864249706,0.977482313612709
005061.jpg,val,000964.jpg,0,0.007506808266043663,0.9879251136311347
005082.jpg,test,001539.jpg,0,0.0023393246810883284,0.9990763757600164
005086.jpg,test,002748.jpg,2,0.008180011995136738,0.8737640873341669
005095.jpg,test,000336.jpg,4,0.02060566283762455,0.9946211898144687
005097.jpg,test,000909.jpg,0,0.027485022321343422,0.953877138684294
005109.jpg,val,004223.jpg,3,0.015333333984017372,0.9307763487551023
005110.jpg,val,004253.jpg,1,0.021943897008895874,0.7311156103393833
005121.jpg,test,002721.jpg,3,0.0300721675157547,0.8346353578978385
005133.jpg,val,004677.jpg,4,0.016882628202438354,0.8770599464636832
005138.jpg,test,005188.jpg,1,0.00732434680685401,0.996042058530441
005139.jpg,test,006008.jpg,1,0.02496868185698986,0.9834117289414593
005153.jpg,val,000344.jpg,4,0.08084695041179657,0.8168618953583192
005155.jpg,test,004812.jpg,2,0.003080065594986081,0.9987380323444518
005169.jpg,val,001640.jpg,1,0.00589324627071619,0.9950551734370398
005179.jpg,val,004154.jpg,0,0.0049128541722893715,0.755160182916146
005212.jpg,val,005475.jpg,4,0.011835239827632904,0.9702558600584633
005213.jpg,test,000334.jpg,1,0.005831154529005289,0.9965626355704528
005219.jpg,val,001983.jpg,1,0.003775599179789424,0.9967172304645513
005225.jpg,test,001653.jpg,1,0.013036764226853848,0.9884970826743517
005226.jpg,val,001539.jpg,2,0.003122549271211028,0.9991874943296318
005232.jpg,test,001509.jpg,4,0.01055228803306818,0.9921834643806362
005250.jpg,val,002619.jpg,3,0.011674019508063793,0.9667940792686613
005251.jpg,val,001640.jpg,0,0.006340141408145428,0.993669336870695
005261.jpg,test,002181.jpg,0,0.003447168041020632,0.9983165733880449
005263.jpg,val,000111.jpg,1,0.04451688006520271,0.9673850646760482
005265.jpg,test,001858.jpg,0,0.003995642997324467,0.943453520195334
005271.jpg,test,000082.jpg,0,0.00658469507470727,0.9925612529650543
005288.jpg,val,000224.jpg,0,0.006938725709915161,0.9957913195139882
005291.jpg,val,005012.jpg,2,0.045499179512262344,0.8850488665682194
005293.jpg,test,004294.jpg,0,0.014633716084063053,0.8925679197330235
005298.jpg,test,006984.jpg,3,0.01599891111254692,0.9581217895727117
005304.jpg,test,000347.jpg,0,0.004848039243370295,0.9900556133014653
005307.jpg,val,004116.jpg,2,0.009533225558698177,0.9775496412098864
005308.jpg,val,002744.jpg,0,0.0008946078596636653,0.9998569399321953
005310.jpg,val,001598.jpg,2,0.004340686369687319,0.9984652506429049
005312.jpg,val,002030.jpg,1,0.00636274553835392,0.9924243271020946
005318.jpg,test,002343.jpg,4,0.08734694868326187,0.959643326413932
005324.jpg,test,000484.jpg,0,0.004857843276113272,0.998163166562391
005382.jpg,test,000014.jpg,0,0.001178649254143238,0.9996561528074479
005386.jpg,val,005348.jpg,1,0.019555281847715378,0.9817061219958997
005394.jpg,test,000061.jpg,1,0.007148693315684795,0.9867273094414437
005399.jpg,val,001265.jpg,1,0.012101034633815289,0.9520704580718858
005400.jpg,val,002396.jpg,4,0.07555393129587173,0.8525878947088706
005403.jpg,test,003333.jpg,3,0.002553649013862014,0.983223689689295
005414.jpg,val,000305.jpg,0,0.0010422113118693233,0.9984774344810305
005417.jpg,test,002411.jpg,0,0.009831154718995094,0.9942632858707222
005419.jpg,test,001539.jpg,0,0.005958606023341417,0.997819323831204
005421.jpg,test,001773.jpg,0,0.0018608387326821685,0.9987728436444966
005438.jpg,test,006822.jpg,4,0.006723584141582251,0.9839303395414882
005443.jpg,val,002415.jpg,3,0.01656481623649597,0.9934759743814893
005445.jpg,val,006788.jpg,4,0.0072546289302408695,0.9879855591423264
005449.jpg,val,004102.jpg,2,0.013082516379654408,0.9877162096595565
005454.jpg,test,000259.jpg,4,0.007460512686520815,0.9852493116717747
005459.jpg,test,005374.jpg,1,0.0752701684832573,0.6269215442971557
005460.jpg,test,000291.jpg,1,0.003867102088406682,0.9822772205624322
005468.jpg,val,000310.jpg,0,0.00498257065191865,0.9962276718529234
005470.jpg,val,001007.jpg,1,0.003127451054751873,0.9974394678294698
005474.jpg,test,003653.jpg,3,0.007274509873241186,0.9877063342315262
005498.jpg,test,004889.jpg,2,0.0035846945829689503,0.9836716700639183
005500.jpg,val,005043.jpg,0,0.009566448628902435,0.9948945522721361
005506.jpg,test,000105.jpg,0,0.005224945489317179,0.993923355344558
005526.jpg,val,004969.jpg,0,0.0043684639967978,0.9931757508169091
005529.jpg,test,002090.jpg,0,0.003809096058830619,0.9972355002146477
005550.jpg,val,002450.jpg,1,0.03058796562254429,0.7446000438182858
005557.jpg,val,000421.jpg,2,0.023071350529789925,0.9595770250536241
005559.jpg,test,005989.jpg,0,0.005034313537180424,0.9980298803736912
005563.jpg,val,005939.jpg,3,0.02694934420287609,0.9613070782911914
005570.jpg,test,006609.jpg,0,0.003734477097168565,0.9975571695088324
005576.jpg,val,003702.jpg,4,0.027013614773750305,0.936020618445641
005585.jpg,val,000616.jpg,4,0.005964869167655706,0.9913103485092897
005597.jpg,test,000625.jpg,0,0.005165033042430878,0.9966562922625678
005601.jpg,val,004634.jpg,2,0.014795751310884953,0.9915043675570434
005602.jpg,test,006246.jpg,2,0.002272058743983507,0.9928700324221091
005604.jpg,val,001216.jpg,3,0.018023965880274773,0.9655220659287412
005605.jpg,test,001733.jpg,4,0.0035827886313199997,0.9638077324837969
005609.jpg,val,000538.jpg,2,0.021319445222616196,0.980314120373817
005617.jpg,test,006761.jpg,4,0.008821350522339344,0.9861138444993206
005664.jpg,test,006961.jpg,3,0.003331971587613225,0.998814258012938
005666.jpg,val,007004.jpg,1,0.01694362796843052,0.9796497095712526
005679.jpg,val,007029.jpg,0,0.0023101852275431156,0.9986498034189106
005684.jpg,test,001446.jpg,2,0.05142103508114815,0.7196577189978872
005685.jpg,test,005083.jpg,4,0.009382354095578194,0.9346739917058492
005686.jpg,test,000518.jpg,4,0.009994281455874443,0.981954823742328
005715.jpg,val,004087.jpg,1,0.0008466775761917233,0.9530116117254023
005716.jpg,test,000875.jpg,1,0.005212418269366026,0.9947082022525572
005732.jpg,test,003281.jpg,2,0.018352124840021133,0.9542054085849168
005738.jpg,val,000642.jpg,2,0.00760375801473856,0.9940569024273598
005746.jpg,val,005374.jpg,0,0.09530583769083023,0.6896984831222844
005748.jpg,test,002241.jpg,2,0.009850217960774899,0.9934853779051084
005754.jpg,val,004378.jpg,1,0.002818899694830179,0.9665753985169698
005756.jpg,val,003285.jpg,0,0.006920752115547657,0.9894265065151462
005761.jpg,test,000973.jpg,0,0.0023150870110839605,0.9716705770638725
005789.jpg,test,000695.jpg,1,0.009042756631970406,0.9885037446535354
005803.jpg,test,005377.jpg,1,0.07491476833820343,0.5136085173268774
005813.jpg,test,005325.jpg,2,0.0060620917938649654,0.9913790655240082
005833.jpg,val,000949.jpg,4,0.005196078680455685,0.9903740930594581
005839.jpg,test,000310.jpg,1,0.004384803585708141,0.9981882429027608
005847.jpg,test,001004.jpg,4,0.005624182987958193,0.9911473106850053
005851.jpg,val,001130.jpg,1,0.0050699892453849316,0.9954382644642182
005852.jpg,test,006334.jpg,1,0.015966231003403664,0.9482449882560717
005857.jpg,test,003878.jpg,0,0.027144335210323334,0.9592509807125352
005861.jpg,val,000901.jpg,3,0.016613289713859558,0.9482284964573652
005870.jpg,test,000343.jpg,0,0.004642974119633436,0.9734437611536003
005873.jpg,val,005431.jpg,3,0.019716504961252213,0.8399792285008244
005874.jpg,val,005663.jpg,2,0.017678920179605484,0.9029705608046181
005883.jpg,test,003235.jpg,0,0.003436002181842923,0.997702870368103
005887.jpg,test,000673.jpg,1,0.00814515259116888,0.9934802428933915
005897.jpg,test,003772.jpg,0,0.0013461330672726035,0.9994405181970292
005899.jpg,test,001771.jpg,1,0.0691598579287529,0.520111054837848
005910.jpg,val,000808.jpg,4,0.06632516533136368,0.6383762075834148
005916.jpg,val,005949.jpg,1,0.009250816889107227,0.9947648008323393
005924.jpg,test,000560.jpg,0,0.004517701454460621,0.9957756773350444
005932.jpg,test,006661.jpg,3,0.010748638771474361,0.9921413220827189
005940.jpg,val,002997.jpg,2,0.01023638341575861,0.9917847003793907
005941.jpg,test,002689.jpg,2,0.03801334649324417,0.7082153633121256
005950.jpg,val,004772.jpg,3,0.003232026007026434,0.9948855114054707
005952.jpg,test,000748.jpg,0,0.0010337692219763994,0.9978366615338062
005953.jpg,test,001286.jpg,2,0.02590659074485302,0.9247737975795578
005958.jpg,test,004275.jpg,4,0.05035892874002457,0.952338555810238
005959.jpg,test,004658.jpg,3,0.022506263107061386,0.9645587259282288
005963.jpg,val,000344.jpg,3,0.09176525473594666,0.7043889343103984
005967.jpg,test,000642.jpg,2,0.005416122730821371,0.9971590369631483
005972.jpg,test,002387.jpg,1,0.008383714593946934,0.9976951299761336
005977.jpg,val,000206.jpg,0,0.003230936825275421,0.9979022731798728
005997.jpg,test,000401.jpg,3,0.00715767964720726,0.9886829665207983
006013.jpg,test,005043.jpg,1,0.017290033400058746,0.9836790523634278
006019.jpg,val,000457.jpg,4,0.003145424881950021,0.9987347262045979
006043.jpg,test,000105.jpg,0,0.005576524883508682,0.9938636507560262
006049.jpg,test,002181.jpg,0,0.014059914276003838,0.9789185437001413
006052.jpg,val,005663.jpg,2,0.025063179433345795,0.8389358898397185
006059.jpg,test,004008.jpg,2,0.007496187463402748,0.9444596041110365
006064.jpg,test,000060.jpg,0,0.008899781852960587,0.988567447315721
006068.jpg,val,004902.jpg,0,0.007909858599305153,0.9526084217424071
006079.jpg,test,003813.jpg,0,0.009468138217926025,0.992232846188065
006081.jpg,val,004283.jpg,1,0.003607570892199874,0.9931435257672577
006086.jpg,val,004372.jpg,0,7.625271791766863e-06,0.9999971864922952
006091.jpg,test,003431.jpg,0,0.007995369844138622,0.9938296577314136
006093.jpg,test,000753.jpg,0,0.003853213507682085,0.9936413597011616
006097.jpg,val,005185.jpg,3,0.002435457194224,0.9851213493608117
006103.jpg,test,000347.jpg,0,0.004474672954529524,0.990662277849255
006127.jpg,test,005160.jpg,0,0.023075707256793976,0.9712373423732299
006129.jpg,val,002306.jpg,0,0.006695806514471769,0.995501800864205
006136.jpg,test,000469.jpg,1,0.009992102161049843,0.9769748674106732
006155.jpg,val,002534.jpg,3,0.0017107841558754444,0.9374959011756817
006156.jpg,val,004097.jpg,0,0.0165816992521286,0.9835877957227601
006165.jpg,val,002131.jpg,3,0.015529411844909191,0.9786141703539915
006171.jpg,val,000305.jpg,0,0.0010669934563338757,0.9984237981784527
006176.jpg,test,004260.jpg,4,0.0040702614933252335,0.9968133122706702
006196.jpg,test,001117.jpg,3,0.009643791243433952,0.9908296157572188
006205.jpg,val,000309.jpg,0,0.00015550106763839722,0.9995785282492019
006228.jpg,val,002204.jpg,0,0.0049760350957512856,0.8782129651978976
006238.jpg,test,000347.jpg,0,0.0027382897678762674,0.982189642851571
006241.jpg,test,002481.jpg,0,0.01688889041543007,0.9891616677618709
006276.jpg,test,005010.jpg,4,0.018821079283952713,0.9015283510079442
006285.jpg,val,005325.jpg,3,0.005943355616182089,0.991400128770183
006296.jpg,val,003736.jpg,0,2.723311354202451e-06,0.9999997344615573
006297.jpg,val,002982.jpg,2,0.006900053936988115,0.9872408481631796
006299.jpg,val,000485.jpg,0,0.016465142369270325,0.9558794037129695
006303.jpg,val,006353.jpg,4,0.07460839301347733,0.8015625851825506
006337.jpg,test,002893.jpg,2,0.008679465390741825,0.9934594256541988
006349.jpg,test,004006.jpg,1,0.003817537799477577,0.9977612896717132
006350.jpg,val,000165.jpg,1,0.004768518265336752,0.9972160249092514
006356.jpg,val,006694.jpg,2,0.015560186468064785,0.9804336374781958
006363.jpg,test,000340.jpg,0,0.0011312635615468025,0.9972183371732358
006375.jpg,val,000841.jpg,1,0.0103597491979599,0.989407909495026
006381.jpg,val,006466.jpg,3,0.006675653625279665,0.9743159704476755
006388.jpg,val,004658.jpg,2,0.014662581495940685,0.9861791043972079
006405.jpg,val,000332.jpg,0,0.0017883987165987492,0.9995860894553977
006409.jpg,test,001142.jpg,2,0.0039455341175198555,0.9099914082892978
006415.jpg,test,002812.jpg,1,0.016955610364675522,0.985416194366986
006417.jpg,val,005196.jpg,1,0.02991585060954094,0.9551767178197038
006418.jpg,test,000704.jpg,1,0.01715904101729393,0.9677545287618804
006422.jpg,val,001905.jpg,0,0.0001707516348687932,0.9996470707389472
006427.jpg,val,004679.jpg,2,0.05744008719921112,0.7158091100697018
006437.jpg,val,000931.jpg,1,0.0029313729610294104,0.996331782821142
006463.jpg,val,006862.jpg,3,0.006970860064029694,0.9904599396289667
006494.jpg,test,000641.jpg,1,0.009096132591366768,0.9902906650972622
006505.jpg,test,004961.jpg,3,0.017123639583587646,0.9602322374670049
006521.jpg,val,003019.jpg,0,0.005832244176417589,0.9841014975891439
006522.jpg,test,003111.jpg,4,0.031514160335063934,0.9422023789356867
006527.jpg,test,003179.jpg,2,0.010177288204431534,0.992202192373051
006557.jpg,val,001117.jpg,3,0.012938725762069225,0.9863101825452865
006578.jpg,test,001254.jpg,4,0.005050927400588989,0.8629575712332438
006583.jpg,test,002508.jpg,1,0.007316449657082558,0.9944917933794897
006587.jpg,test,002240.jpg,4,0.021269334480166435,0.95596530375593
006594.jpg,val,006589.jpg,3,0.01009123120456934,0.9908500940777859
006596.jpg,test,002567.jpg,0,0.004365196451544762,0.9939323428042701
006613.jpg,test,003575.jpg,3,0.0263722762465477,0.941101207785138
006619.jpg,val,006466.jpg,2,0.007790305186063051,0.9627044207667129
006630.jpg,test,000105.jpg,2,0.008291666395962238,0.9949051247692935
006632.jpg,test,005072.jpg,1,0.004088507499545813,0.9958301070388109
006633.jpg,test,005023.jpg,1,0.020263614133000374,0.7975953810248815
006660.jpg,test,003289.jpg,0,0.012284857220947742,0.9812906712824168
006666.jpg,test,004896.jpg,2,0.004962690640240908,0.9948057277656159
006670.jpg,test,000797.jpg,4,0.019055012613534927,0.8464397182129655
006671.jpg,test,001411.jpg,2,0.009131807833909988,0.995120035809062
006679.jpg,test,003388.jpg,1,0.004199074115604162,0.9962193739184542
006681.jpg,test,000971.jpg,0,0.013559641316533089,0.9855311482188811
006696.jpg,val,000072.jpg,0,0.004721405450254679,0.9991724346171085
006701.jpg,val,002618.jpg,3,0.014144879765808582,0.9904825134620752
006714.jpg,test,004366.jpg,1,0.008950980380177498,0.9956567851389977
006717.jpg,val,001098.jpg,2,0.025105390697717667,0.9817848252927954
006719.jpg,val,000224.jpg,0,0.014977125450968742,0.9776066700418296
006721.jpg,val,005858.jpg,3,0.002707788720726967,0.9932238036754385
006723.jpg,val,003150.jpg,2,0.010765522718429565,0.9802824775873403
006735.jpg,val,007019.jpg,4,0.005008714273571968,0.9935090668277629
006737.jpg,test,001675.jpg,3,0.041706424206495285,0.9258353320880531
006747.jpg,test,004284.jpg,0,0.0014458060031756759,0.9989779107109283
006748.jpg,test,004407.jpg,1,0.048343416303396225,0.6586202712332049
006751.jpg,test,003152.jpg,2,0.004693354945629835,0.9734435867284279
006754.jpg,val,001014.jpg,0,0.0032911221496760845,0.9971816124637588
006757.jpg,test,002733.jpg,2,0.005636165849864483,0.9930016483053085
006766.jpg,test,002601.jpg,0,0.005854574963450432,0.9988760587115796
006767.jpg,val,005431.jpg,4,0.022118737921118736,0.8134782004024111
006771.jpg,test,002212.jpg,0,0.007408768404275179,0.9964169768603517
006787.jpg,val,005531.jpg,3,0.011754630133509636,0.8603163630673921
006805.jpg,val,005330.jpg,3,0.048839323222637177,0.9401428686552659
006807.jpg,test,003013.jpg,4,0.106205053627491,0.8026511531685769
006808.jpg,test,004744.jpg,1,0.0006541394395753741,0.9649687157681516
006809.jpg,val,005974.jpg,3,0.09596133977174759,0.4910876391966968
006813.jpg,val,004896.jpg,0,0.0052344766445457935,0.9924903844286833
006832.jpg,val,003431.jpg,0,0.009168027900159359,0.9888070869943032
006840.jpg,test,002201.jpg,4,0.047339051961898804,0.5932150356586972
006844.jpg,test,000695.jpg,1,0.0072952075861394405,0.9922443492547666
006867.jpg,test,001144.jpg,2,0.007239378988742828,0.9602488718110562
006874.jpg,test,002525.jpg,0,0.0013420478207990527,0.9995251845556828
006882.jpg,test,000072.jpg,0,0.007818627171218395,0.9979791096462842
006884.jpg,test,002610.jpg,4,0.10401389002799988,0.6817527982836801
006906.jpg,val,004607.jpg,0,0.01569771207869053,0.9847465523432318
006909.jpg,val,001891.jpg,2,0.0049863834865391254,0.9973941038004532
006914.jpg,val,000280.jpg,3,0.01763671077787876,0.945929848930418
006919.jpg,test,000656.jpg,2,0.004467320628464222,0.975360556706328
006921.jpg,test,000137.jpg,0,0.0008905229042284191,0.9991873546121467
006922.jpg,test,000888.jpg,1,0.04057053476572037,0.8908391802745596
006925.jpg,val,001972.jpg,4,0.01228948775678873,0.955550531239154
006926.jpg,test,003835.jpg,0,0.01589624211192131,0.9856951981404561
006939.jpg,val,006353.jpg,4,0.04068273305892944,0.8735988366283607
006945.jpg,val,004194.jpg,2,0.04443654417991638,0.8850032621860537
006949.jpg,test,000224.jpg,0,0.009916122071444988,0.9881849106792611
006955.jpg,val,006119.jpg,0,0.019688453525304794,0.9792249346572319
006958.jpg,val,003809.jpg,0,0.016367921605706215,0.9707344497698085
006966.jpg,val,000895.jpg,0,0.0036614921409636736,0.9980393767802672
006975.jpg,test,006628.jpg,3,0.008174019865691662,0.9870205796195722
006980.jpg,val,001624.jpg,0,0.004280229099094868,0.9989237227411124
006986.jpg,val,001091.jpg,1,0.011607298627495766,0.9897880435542254
007008.jpg,test,001285.jpg,1,0.008349673822522163,0.9930262280049773
007026.jpg,val,000497.jpg,4,0.01921786554157734,0.8383820241069135
007059.jpg,test,000373.jpg,0,0.013023147359490395,0.9920843080591358
007061.jpg,val,000642.jpg,1,0.00731426989659667,0.9942738686906717
007077.jpg,val,000607.jpg,0,0.002090686233714223,0.998727761986792
007099.jpg,val,005517.jpg,0,0.0272216759622097,0.9124209390768826
007106.jpg,test,002812.jpg,1,0.02759912610054016,0.9675857055673832
007109.jpg,val,005991.jpg,2,0.02489379048347473,0.9003347360265469
007113.jpg,val,000095.jpg,2,0.00352151389233768,0.9988233847046809
